4	OK	direct	200	923	https://secreltyhiddenwriteups.blogspot.com/2024/07/a-creative-way-to-get-someones-youtube.html
3	OK	direct	200	1376	https://oussamarahali.com/blog/butterfly-effect-zero-click-account-takeover/
11	OK	direct	200	1448	https://blog.voorivex.team/20300-bounties-from-a-200-hour-hacking-challenge
12	OK	direct	200	3870	https://www.landh.tech/blog/20240304-google-hack-50000/
1	LOW	direct	429	6	https://prateeksrivastavaa.medium.com/zomatoooo-idor-in-saved-payments-f8c014879741
14	FAIL	direct	-1	0	https://blog.flawminers.com/index.php/2024/01/30/bypass-admin-approval-mute-member-and-posting-permissions-for-only-admins-in-facebook-groups/
5	OK	direct	200	689	https://fortbridge.co.uk/research/idor-exploitation-via-hpp-api-hacking-case-study/
2	LOW	direct	429	6	https://infosecwriteups.com/how-i-got-my-first-13500-bounty-through-parameter-polluting-hpp-179666b8e8bb
10	LOW	direct	429	6	https://medium.com/@bxrowski0x/bypassing-an-idor-a-couple-of-times-4d67555a1545
7	LOW	direct	429	6	https://medium.com/@0x_xnum/idor-leads-to-account-takeover-of-all-users-ato-27af312c8481
15	FAIL	direct	-1	0	https://blog.flawminers.com/index.php/2024/01/30/disclose-private-mockups-for-other-users-in-facebook-creative-hub/
16	FAIL	direct	-1	0	https://blog.flawminers.com/index.php/2024/01/30/persistent-distorted-posts-issue-and-unremovable-content-in-facebook-group/
9	LOW	direct	429	6	https://medium.com/@keizobugbounty/using-e-notation-to-bypass-access-control-restrictions-to-access-arbitrary-user-pii-discussions-1fa014b544d4
6	LOW	direct	429	6	https://medium.com/pinoywhitehat/idor-on-hackerone-embedded-submission-form-9e59c6f044b3
13	LOW	direct	429	6	https://cristivlad.medium.com/account-takeover-it-looked-secure-at-first-f14a31cb7f5c
17	FAIL	direct	-1	0	https://blog.flawminers.com/index.php/2024/01/30/add-comment-on-a-private-oculus-developer-support/
21	FAIL	direct	-1	0	https://blog.flawminers.com/index.php/2024/01/30/sign-up-for-brand-collabs-manager-on-behalf-of-other-page-admins-privilege-escalation/
20	FAIL	direct	-1	0	https://blog.flawminers.com/index.php/2024/01/30/break-saved-option-for-other-users-in-facebook-from-n-a-to-valid-bug/
19	FAIL	direct	-1	0	https://blog.flawminers.com/index.php/2024/01/30/send-messages-through-notification-to-facebook-workplace-users-without-getting-blocked/
18	FAIL	direct	-1	0	https://blog.flawminers.com/index.php/2024/01/30/disclose-latest-stream-video-asset-earnings-for-any-gaming-streamer-page/
24	FAIL	direct	-1	0	https://blog.flawminers.com/index.php/2024/01/17/unauthorized-disclosure-of-video-thumbnails-in-facebook-workplace-3000/
23	FAIL	direct	-1	0	https://blog.flawminers.com/index.php/2024/01/17/how-i-was-able-to-delete-any-image-in-facebook-community-question-forum-1500/
26	FAIL	direct	-1	0	https://blog.flawminers.com/index.php/2024/01/16/adding-descriptions-to-instagram-posts-on-behalf-of-other-users-6500/
22	LOW	direct	429	6	https://nullr3x.medium.com/chaining-idor-and-host-header-can-takeover-18-billion-of-users-account-3f0c3fdbc29b
27	FAIL	direct	-1	0	https://blog.flawminers.com/index.php/2024/01/15/disclose-private-attachments-in-facebook-messenger-infrastructure-15000/
25	LOW	direct	429	6	https://medium.com/@kerstan/how-to-discovered-idor-from-a-blank-page-bug-bounty-tuesday-5af784533d1a
8	LOW	direct	404	22	https://vict0ni.me/taking-over-accounts-in-multiple-ways/
29	LOW	direct	429	6	https://bxmbn.medium.com/i-received-a-bank-offer-in-my-mailbox-and-discovered-an-idor-vulnerability-5-000-bounty-bxmbn-5209cab1fba8
28	LOW	direct	429	6	https://bxmbn.medium.com/how-i-prevented-a-mass-data-breach-15-000-bounty-bxmbn-1096e6400e3d
33	OK	direct	200	560	https://blog.voorivex.team/7000-bounty-on-a-single-web-application
35	LOW	direct	429	6	https://medium.com/vault-infosec/rce-via-account-takeover-a6fea7390385
34	LOW	direct	429	6	https://medium.com/@rajasudhakar/how-i-could-view-any-facebook-groups-notes-media-and-they-paid-me-a-10-000-fe22f8949d7c
32	LOW	direct	429	6	https://anasbetis023.medium.com/how-one-bug-scored-me-double-rewards-355b8d02cdbf
37	LOW	direct	429	6	https://medium.com/@muhammadiman2468/idor-how-do-i-find-the-first-vulnerability-with-a-2500-bounty-on-hackerone-7afb3d8b5739
39	LOW	direct	429	6	https://faizanwrites.medium.com/using-browser-tools-for-bug-hunting-an-interesting-0-write-idor-on-instagram-7d5318299c1a
41	OK	direct	200	2411	https://claroty.com/team82/research/major-security-flaws-in-popular-quickblox-chat-and-video-framework-expose-sensitive-data-of-millions
30	OK	direct	200	1197	https://www.rapid7.com/blog/post/2024/01/03/genie-aladdin-connect-retrofit-garage-door-opener-multiple-vulnerabilities/
47	LOW	direct	429	6	https://medium.com/@mahmud0x/graphql-api-hacking-7cf6cd46ce4f
48	OK	direct	200	1801	https://labs.jumpsec.com/advisory-idor-in-microsoft-teams-allows-for-external-tenants-to-introduce-malware/
31	OK	direct	200	402	https://research.nccgroup.com/2024/01/02/technical-advisory-multiple-vulnerabilities-in-pandorafms-enterprise/
50	LOW	direct	429	6	https://medium.com/@ferferof/pii-data-leakage-and-us-1500-bounty-af676350fb76
43	LOW	direct	404	18	https://www.randorisec.fr/chamilo-1.11.18-multiple-vulnerabilities
52	FAIL	direct	-1	0	https://hacktus.tech/taking-over-an-entire-organization
51	LOW	direct	429	6	https://medium.com/@omarahmed_13016/idor-unpin-posts-for-fun-18f628eaef24
53	LOW	direct	429	6	https://medium.com/@M0X0101/how-i-was-able-to-get-account-takeover-via-idor-form-jwt-caaf7ea58aa
54	LOW	direct	429	6	https://infosecwriteups.com/critical-finding-on-tp-link-service-or-how-i-got-0-fc86a0e52eaf
49	OK	direct	200	1452	http://www.firstsight.me/2023/06/the-unexpected-0-master-id-for-account-data-manipulation/
56	LOW	direct	429	6	https://medium.com/@atomiczsec/one-bug-at-a-time-my-first-paid-bug-1-000-idor-4b89b63b2b4b
58	LOW	direct	429	6	https://medium.com/@ar_hawk/from-django-debug-mode-to-pii-data-leak-of-more-than-500-employees-due-broken-access-control-and-a3eb602a4207
59	OK	direct	200	661	https://crypt0g30rgy.github.io/post/TinderBug
57	LOW	direct	200	172	https://www.pingsafe.com/blog/linkedin-vulnerability-delete-any-post
61	LOW	direct	429	6	https://princej-76.medium.com/how-i-chained-multiple-high-impact-vulnearbilities-to-create-a-critical-one-476950a3bb9f
62	FAIL	direct	-1	0	https://cupc4k3.lol/cve-2023-24625-idor-in-faveo-service-desk-37a63f53d896
63	OK	direct	200	582	https://arben.sh/bugbounty/SelfXSS-To-Stored-Through-IDOR/
64	LOW	direct	429	6	https://medium.com/@mukundbhuva/accessing-the-data-sources-of-any-facebook-business-account-via-idor-in-graphql-1fc963ad3ecd
55	LOW	direct	404	25	https://www.trustwave.com/en-us/resources/blogs/spiderlabs-blog/from-response-to-request-adding-your-own-variables-inside-of-graphql-queries-for-account-take-over/
60	OK	direct	200	1801	https://www.pentagrid.ch/de/blog/viseca-expense-credit-card-statement-disclosure/
67	LOW	direct	429	6	https://medium.com/@kushjain0107/how-simple-idor-impacted-the-data-of-thousands-of-customers-of-an-indian-automotive-giant-fdbd2ef1c2c6
66	OK	direct	200	831	https://screamy7.github.io/posts/Javascript/
68	LOW	direct	429	6	https://medium.com/@metikalakullai.gtl/my-p1-account-takeover-3293fc59e10
65	LOW	direct	404	81	https://hopesamples.blogspot.com/2023/03/idor-on-bitdefendercom.html
71	LOW	direct	429	6	https://vengeance.medium.com/found-an-url-in-the-android-application-source-code-which-lead-to-an-idor-1b8768708756
70	OK	direct	200	3740	https://blog.robinjust.in/gov-in/2023/02/Exposing-Indian-Citizens-Sensitive-PII-and-more/
73	LOW	direct	429	6	https://medium.com/@rezaduty/play-with-google-twitter-apple-dell-a90777faa779
72	LOW	direct	429	6	https://yaseenzubair.medium.com/idor-leads-to-mass-account-takeover-7548a03f5672
75	LOW	direct	429	6	https://infosecwriteups.com/an-idor-vulnerability-often-hides-many-others-2893ddd0a0d7
74	LOW	direct	429	6	https://shahjerry33.medium.com/idor-inside-the-session-storage-88af485fc899
69	LOW	direct	200	125	https://0x1int.gitbook.io/blogs/insufficient-graphql-api-vulnerability-due-to-lack-of-validation-of-authorization-bearer-token
76	OK	direct	200	455	https://z-sec.co/mass-account-takeover
79	OK	direct	200	573	https://www.jhaddix.com/post/the-100-million-person-data-disclosure
80	LOW	direct	429	6	https://melotover.medium.com/bypassing-e2e-encryption-leads-to-multiple-high-vulnerabilities-65b708e5ad84
81	LOW	direct	429	6	https://dhakalbibek.medium.com/2022-a-year-of-fascinating-discoveries-d3277dfb006f
82	OK	direct	200	306	https://www.vulnano.com/2023/01/meta-quest-attacker-could-make-any.html
83	OK	direct	200	963	https://bugreader.com/social/write-ups-general-delete-any-video-or-reel-on-facebook-11-250--100965
84	LOW	direct	429	6	https://m7arm4n.medium.com/zero-click-to-account-takeover-idor-xss-98dd6cce63c4
85	LOW	direct	429	6	https://infosecwriteups.com/graphql-idor-leaking-credit-card-information-of-1000s-of-users-d07eec732979
38	LOW	direct	429	6	https://aryasec.medium.com/idor-400-deleting-other-project-in-shopee-657239913416
36	LOW	direct	429	6	https://infosecwriteups.com/an-idor-leads-join-any-group-makes-me-2-500-406eb9e463a3
40	LOW	direct	429	6	https://medium.com/@mohammed0x04/how-i-found-two-api-vulnerabilities-using-website-source-code-6c4b0dc54d6f
42	LOW	direct	429	6	https://cristivlad.medium.com/account-of-the-ceo-takeover-via-password-reset-7e55c0175425
86	LOW	direct	429	6	https://medium.com/@jonathanbouman/unprotected-api-endpoint-at-hawebsso-nl-5f1951e212fe
87	LOW	direct	429	6	https://0x4kd.medium.com/how-i-became-a-millionaire-in-3h-fintech-bug-bounty-part-1-90193c5bd86f
46	LOW	direct	429	6	https://medium.com/@pratiky054/account-takeover-unraveling-idor-stored-xss-flaws-in-an-nft-marketplace-158679660fa7
45	LOW	direct	429	6	https://bharat-singh.medium.com/how-bac-broken-access-control-got-me-a-pre-account-takeover-2481931b7b3a
44	OK	direct	200	747	https://www.ghostccamm.com/blog/multi_cockpit_vulns/
90	LOW	direct	429	6	https://xcoder074.medium.com/bac-idor-how-my-father-credit-card-help-me-to-find-this-access-control-issue-7ff7c1ae463e
89	LOW	direct	429	6	https://medium.com/@mrd17x/scoring-for-a-very-simple-bug-you-dont-always-need-proxy-tools-872a832f83ea
91	LOW	direct	429	6	https://medium.com/@swapmaurya20/3-step-idor-in-hackerresume-a365f2632996
95	LOW	direct	429	6	https://medium.com/@protostar0/hacking-bank-the-second-story-of-finding-critical-vulnerabilities-on-banking-application-ac20cd8f3dad
92	OK	direct	200	800	http://rez0.blog/hacking/2022/12/02/hacking-on-a-plane.html
96	LOW	direct	429	6	https://infosecwriteups.com/a-great-weekend-hack-worth-8k-9bfda8ab65b9
94	OK	direct	200	2492	https://www.scrawledsecurityblog.com/2022/11/automating-unsolicited-richard-pics.html
97	LOW	direct	429	6	https://iamgk808.medium.com/how-i-hacked-into-a-government-e-learning-website-ce8da8fb4ccc
88	LOW	direct	404	81	https://hopesamples.blogspot.com/2022/12/idor-allows-to-assign-deleted-tasks-to.html
98	LOW	direct	403	6	https://hacklido.com/d/93-able-to-mass-change-profile-section-leads-to-my-first-bounty
100	LOW	direct	429	6	https://medium.com/@hf6452/a-story-of-a-strange-stored-idor-b6f2769bb6cb
99	LOW	direct	429	6	https://gonzxph.medium.com/account-takeover-worth-of-2500-e643661f94e9
101	LOW	direct	429	6	https://caesarevan23.medium.com/google-vrp-acquisitions-insecure-direct-object-reference-2nd-2ece9b185ade
103	LOW	direct	429	6	https://medium.com/@shellyshubh/idor-on-unsubscribe-emails-to-200-bounty-ae16fb783b01
108	OK	direct	200	1155	https://www.intruder.io/research/in-guid-we-trust
107	LOW	direct	429	6	https://infosecwriteups.com/critical-idor-vulnerability-on-medium-f78346edbcb1
109	LOW	direct	429	6	https://mearegtu.medium.com/insecure-comments-73399193f804
110	LOW	direct	429	6	https://adilnbabras.medium.com/how-i-found-an-idor-worth-1500-d5f78bc22a7e
113	LOW	direct	404	81	https://hopesamples.blogspot.com/2022/09/idor-leads-to-removing-members-from-any.html
114	LOW	direct	404	81	https://hopesamples.blogspot.com/2022/09/group-experts-pending-expertise-request.html
115	LOW	direct	404	81	https://hopesamples.blogspot.com/2022/09/details-about-future-collaboration.html
116	LOW	direct	429	6	https://medium.com/@jedus0r/idor-insecure-direct-object-references-my-first-p1-in-bugbounty-fb01f50e25df
117	LOW	direct	429	6	https://medium.com/@0x0Asif/how-i-found-my-first-rce-8f8033883dc4
111	OK	direct	200	408	https://apapedulimu.click/idor-on-apple/
118	OK	direct	200	641	https://feed.bugs.xdavidhu.me/bugs/0015
119	LOW	direct	429	6	https://eslam3kl.medium.com/idor-at-login-function-leads-to-leak-users-pii-data-d77e6613e9e0
120	LOW	direct	429	6	https://sagarsajeev.medium.com/unsubscribe-any-users-e-mail-notifications-via-idor-2c2e05b79dac
121	LOW	direct	429	6	https://monish-basaniwal.medium.com/the-million-dollar-hack-8163892bfe2f
122	LOW	direct	429	6	https://infosecwriteups.com/break-the-logic-5-different-perspectives-in-single-page-1500-5aa09da0fe7a
124	LOW	direct	429	6	https://sagarsajeev.medium.com/business-logic-vulnerability-via-idor-6d510f1caea9
77	LOW	direct	429	6	https://medium.com/@mrhavit/how-i-found-an-insecure-direct-object-reference-in-tiktok-c7303addf223
125	LOW	direct	429	6	https://medium.com/@bharatsingh070601/bypassing-unexpected-idor-e6a9da2e0498
78	LOW	direct	429	6	https://medium.com/@abhisekr/discovered-a-critical-idor-and-earned-900-for-my-first-p1-vulnerability-57c1e72f42c1
128	FAIL	direct	-1	0	https://adnanmalik.info/blog/digging-js-files-to-find-bugs/
126	LOW	direct	429	6	https://canmustdie.medium.com/multiple-bugs-in-one-program-leads-to-1500-c35fcde06bc7
127	LOW	direct	429	6	https://medium.com/@xpertwhitehat/publicly-accessible-android-crash-reports-containing-sensitive-information-ec1220079f31
129	LOW	direct	429	6	https://medium.com/@720922/a-developers-nightmare-story-of-a-simple-idor-and-some-poor-fixes-worth-1125-5ead70b0a1de
130	LOW	direct	429	6	https://infosecwriteups.com/i-mean-idor-is-not-only-about-others-id-2d26115072ba
131	LOW	direct	429	6	https://virtuvil.medium.com/hey-google-lets-submit-bug-from-victim-account-af6a25d390e1
132	LOW	direct	429	6	https://medium.com/@evilmango/this-is-what-i-call-mass-idor-20e6ec146c0e
133	LOW	direct	429	6	https://infosecwriteups.com/abusing-url-shortners-for-fun-and-profit-c83c67713916
135	LOW	direct	429	6	https://hamzadzworm.medium.com/an-interesting-idor-that-allowed-me-to-see-all-projects-bounty-8cd74b5edf72
136	LOW	direct	429	6	https://ahmdhalabi.medium.com/pii-disclosure-of-apple-users-10k-d1e3d29bae36
123	LOW	direct	404	25	https://www.trustwave.com/en-us/resources/blogs/spiderlabs-blog/oracle-sbc-multiple-security-vulnerabilities-leading-to-unauthorized-access-and-denial-of-service/
137	LOW	direct	429	6	https://infosecwriteups.com/exposing-millions-of-voter-id-card-users-details-8a993c9a5d35
138	FAIL	direct	-1	0	https://web.archive.org/web/20220716152713/https://snapsec.co/blog/hacking-larksuite/
139	LOW	direct	429	6	https://medium.com/@aravindb26/my-first-apple-bug-and-my-first-writeup-8a833e8e953c
140	LOW	direct	429	6	https://medium.com/pentesternepal/access-control-worth-2000-everyone-missed-this-idor-access-control-between-two-admins-9745eaf15d21
141	LOW	direct	429	6	https://lonewolf-raj.medium.com/exploiting-vulnerabilities-in-ios-application-cf5718910c47
142	LOW	direct	429	6	https://medium.com/@sazouki/how-i-hacked-one-of-the-biggest-airline-in-the-world-e7810dc43791
143	LOW	direct	429	6	https://infosecwriteups.com/how-i-found-a-critical-bug-in-instagram-and-got-49500-bounty-from-facebook-626ff2c6a853
145	LOW	direct	429	6	https://medium.com/@ryuukhagetsu/how-i-get-bounty-from-takeover-account-ed17cd838b2a
146	LOW	direct	429	6	https://medium.com/@h4x0r_dz/paypal-idor-via-billing-agreement-token-closed-informative-payment-fraud-3245202fab38
112	OK	direct	200	515	https://apapedulimu.click/tag-myself-in-your-favorite-tiktok-artist-video-idor/
147	LOW	direct	429	6	https://medium.com/@mohamedtaha_42562/how-i-was-able-to-access-ibm-internal-documents-a33858387d30
149	FAIL	direct	-1	0	https://web.archive.org/web/20220513145411/https://pwnsec.ninja/2022/05/12/takeover-seller-accounts-worth-billions-millions/
150	FAIL	direct	-1	0	https://web.archive.org/web/20220516024454/https://medium.com/@tobydavenn/how-i-paid-for-my-holiday-with-bug-bounty-668f1f59e6e5
151	LOW	direct	429	6	https://medium.com/@huntersherlock11/p1-bug-pii-information-disclosure-7669ebbb91a8
152	LOW	direct	429	6	https://medium.com/@Bishoo97x/idor-insecure-direct-object-reference-leads-to-listing-all-valid-users-and-edit-their-profiles-2d7bcba78890
154	LOW	direct	429	6	https://ahmadaabdulla.medium.com/vulnerabilitymultiple-vulnerability-leading-to-account-takeover-in-tiktok-smb-subdomain-c99e4a50b377
134	LOW	direct	200	45	https://payatu.com/blog/rajesh.r/idor-to-account-deletion
156	OK	direct	200	1135	https://feed.bugs.xdavidhu.me/bugs/0014
157	FAIL	direct	-1	0	https://web.archive.org/web/20220405093345/https://pwnsec.ninja/2022/03/26/deleting-account-via-support-ticket/
93	LOW	direct	404	81	https://hopesamples.blogspot.com/2022/11/the-space-creators-can-still-see.html
148	LOW	direct	200	27	https://quip.com/Uks4AzL33oAu
102	LOW	direct	429	6	https://medium.com/@nxenon/some-tips-to-finding-idors-more-easily-and-fixing-them-2c9d0c58bb4a
106	LOW	direct	429	6	https://medium.com/@iknowhatodo/fall-account-takeover-via-amazon-cognito-misconfiguration-ba5975b06c24
144	OK	direct	200	520	https://www.r29k.com/articles/bb/account-takeover-via-idors
104	LOW	direct	429	6	https://medium.com/the-gray-area/1-000-p1-pii-disclosure-w-idor-cb344c55d52e
153	FAIL	direct	-1	0	https://njmulsqb.engineer/2022/04/10/the-100daysofhacking-challenge.html
105	LOW	direct	429	6	https://caesarevan23.medium.com/google-vrp-insecure-direct-object-reference-3133-70-a0e37023a4c7
160	LOW	direct	429	6	https://dhakalbibek.medium.com/story-about-more-than-3-5-million-pii-leakage-in-yahoo-3a530210dcc6
159	LOW	direct	429	6	https://medium.com/@tobydavenn/how-i-was-able-to-takeover-any-account-on-one-of-europes-largest-media-companies-e8d25e59c08
161	LOW	direct	429	6	https://wahaz.medium.com/broken-authentication-and-idor-at-redacted-646de8d508e6
162	LOW	direct	429	6	https://debprasadbanerjee502.medium.com/adobe-bug-bounty-using-idor-confidential-data-leaks-f6c55e5143d0
165	LOW	direct	429	6	https://medium.com/@tobydavenn/how-i-was-able-to-read-any-users-confidential-reports-on-a-public-level-domain-1e563857b0b9
163	LOW	direct	429	6	https://mearegtu.medium.com/insecure-direct-object-reference-exposes-all-users-of-microsoft-azure-independent-software-vendors-bed3b45e509
158	OK	direct	200	1019	https://machevalia.blog/blog/broken-access-control-idor
155	OK	direct	200	697	https://tarekbouali.com/posts/how-i-hacked-one-of-the-biggest-airlines-group-of-the-world/
167	LOW	direct	429	6	https://noob3xploiter.medium.com/idor-in-support-mozilla-org-through-code-review-ff2aa8ea1201
166	LOW	direct	429	6	https://medium.com/@nvmeeet/4300-instagram-idor-bug-2022-5386cf492cad
168	LOW	direct	429	6	https://medium.com/@yaala/trim-private-live-videos-and-access-them-a331447cc82a
169	OK	direct	200	1201	https://tech-blog.cymetrics.io/en/posts/huli/how-i-hacked-glints-and-your-resume-en/
170	LOW	direct	429	6	https://medium.com/@kojodaprogrammer/full-account-takeover-ato-a-tale-of-two-bugs-d1b3765ff1de
164	LOW	direct	404	13	https://bloggerrando.blogspot.com/2022/03/13-1.html
171	FAIL	direct	200	0	https://www.cyberick.com/post/what-i-found-on-sony-vulnerability-disclosure-program
173	LOW	direct	429	6	https://medium.com/@damaidec/idor-vulnerability-on-invoice-and-weak-password-reset-leads-to-account-take-over-603b42143a8c
172	LOW	direct	429	6	https://medium.com/@ladecruze/my-first-bounty-idor-self-xss-3000-cde89cbbc1b1
174	LOW	direct	429	6	https://systemweakness.com/xss-filter-evasion-idor-3d4624758ff0
175	LOW	direct	429	6	https://medium.com/@nvmeeet/how-i-was-able-to-spoof-any-instagram-username-on-instagram-shop-b4d6abdb474a
176	OK	direct	200	644	https://blog.hckrt.com/blog/thisclosed_1/
178	LOW	direct	429	6	https://medium.com/pentesternepal/a-tale-of-zero-click-account-takeover-56b51fdbd7ae
185	FAIL	direct	-1	0	https://web.archive.org/web/20240304202752/https://appsecure.security/how-i-was-able-to-change-reddit-acquired-dubsmashs-music-library-sound-tracks/
180	OK	direct	200	335	https://servicenger.com/mobile/idor-add-or-remove-the-linked-publications-from-author-publisher-settings-facebook-bug-bounty/
177	LOW	direct	429	6	https://infosecwriteups.com/idor-leads-to-leak-private-details-866563365490
186	FAIL	direct	-1	0	https://www.p1boom.com/2021/12/accidental-idor-in-elearnsecurity-to.html
179	LOW	direct	429	6	https://infosecwriteups.com/bug-hunting-journey-of-2021-1fa60b28d949
183	LOW	direct	429	6	https://mearegtu.medium.com/broken-access-control-cc6cfd793b15
181	LOW	direct	429	6	https://infosecwriteups.com/massive-users-account-takeovers-chaining-vulnerabilities-to-idor-ea4e1b6407d2
192	FAIL	direct	-1	0	https://web.archive.org/web/20211106100048/https://monke.ie/unicorn-programs/
189	OK	direct	200	481	https://tox7cv3nom.github.io/2021/11/12/chaining-of-csrf-token-misconfiguration-and-no-rate-limit-leads-to-mass-account-takeover.html
188	LOW	direct	429	6	https://medium.com/@kashyapherry147/privilege-escalation-worth-of-300-b9a6eac3b0fa
187	LOW	direct	429	6	https://pathleax.medium.com/this-is-how-i-was-able-to-see-and-delete-your-private-facebook-portal-photos-a93ed22f875b
191	OK	direct	200	766	https://secreltyhiddenwriteups.blogspot.com/2021/11/becoming-super-admin-in-someone-elses.html
184	OK	direct	200	1329	https://www.pentestpartners.com/security-blog/gumtree-leaking-your-data-and-not-really-listening/
190	LOW	direct	429	6	https://hector0x.medium.com/from-url-dumps-digging-to-idor-bac-massive-phishing-in-udemy-6fa7f94ef256
197	FAIL	direct	-1	0	https://web.archive.org/web/20231004134528/https://appsecure.security/unauthorized-access-to-any-face-book-users-draft-profile-picture-frames/
182	LOW	direct	429	6	https://medium.com/pentesternepal/how-i-was-able-to-reveal-page-admin-of-almost-any-page-on-facebook-5a8d68253e0c
196	OK	direct	200	282	https://r0ckinxj3.wordpress.com/2021/10/24/a-7500-google-sites-idor/
193	LOW	direct	429	6	https://medium.com/@varmaanu001/hacktoberfest2k21-vulnerability-how-users-metadata-can-be-changed-via-auth-jwt-tokens-leaking-from-3028f8ad6991
195	LOW	direct	429	6	https://medium.com/@vikramroot/unauthorized-access-to-any-users-account-600e8efe7de0
194	LOW	direct	429	6	https://medium.com/@bababounty99/never-give-up-story-of-hacking-dutch-government-and-earning-that-swag-b518cca81c78
198	LOW	direct	429	6	https://encodedguy.medium.com/600-for-idor-file-or-folder-download-243166452dad
199	LOW	direct	429	6	https://medium.com/@shakti.gtp/a-fever-worth-750-accessing-private-projects-d113c561311f
200	LOW	direct	429	6	https://medium.com/@sarveshblogs/a-small-tale-of-account-takeover-2eba07a6ef5f
201	LOW	direct	429	6	https://s3c.medium.com/how-i-hacked-world-wide-tiktok-users-24e794d310d2
204	LOW	direct	429	6	https://asterfiester.medium.com/5000-google-idor-vulnerability-writeup-c7b45926abe9
207	LOW	direct	429	6	https://medium.com/nerd-for-tech/breaking-applications-logic-to-dos-attack-88326cd0dd82
205	OK	direct	200	1342	https://apapedulimu.click/story-of-idor-on-google-product/
214	LOW	direct	429	6	https://medium.com/@nehpatel/story-of-unexpected-bugs-75734d51ac57
215	FAIL	direct	-1	0	https://web.archive.org/web/20210909040725/https://obsrva.org/2021/08/22/monkeytype-disclosure.html
216	LOW	direct	429	6	https://tuhin1729.medium.com/account-takeover-via-access-token-leakage-687276953408
217	LOW	direct	429	6	https://medium.com/@psr595bro/how-i-found-read-write-access-to-the-personal-data-of-3-million-users-of-an-e-commerce-website-b9026b0d4bd3
218	LOW	direct	429	6	https://medium.com/@gonzalocarrascosec/fuzzing-idor-admin-takeover-5343bb8f436e
219	LOW	direct	429	6	https://infosecwriteups.com/what-is-bola-3-digit-bounty-from-topcoder-a25e7fae0d64
220	LOW	direct	429	6	https://ja1sharma.medium.com/bugbounty-idor-how-i-was-able-to-exfiltrate-any-users-credit-coupons-49631d9f3bc8
221	LOW	direct	429	6	https://medium.com/@abhinda1996/privilege-escalation-private-program-bugcrowd-831a7eb58b6c
222	LOW	direct	429	6	https://gonzx.medium.com/how-i-escalate-my-self-stored-xss-to-account-takeover-with-the-help-of-idor-f20733ecdbe9
223	LOW	direct	429	6	https://medium.com/@muhammadsholikhin/facebook-vulnerability-expose-group-member-3000-cca809a53f6b
224	LOW	direct	429	6	https://n1ghtmar3.medium.com/how-i-found-my-first-idor-in-hackerone-5d5f17bb431
225	LOW	direct	429	6	https://filipaze.medium.com/abusing-json-web-token-to-steal-accounts-3000-b9f7daeaef81
202	LOW	direct	429	6	https://asterfiester.medium.com/3133-70-google-dialogflow-idor-vulnerability-7a72771678dd
203	LOW	direct	429	6	https://infosecwriteups.com/exposing-millions-of-irctc-passengers-ticket-details-53338280fb9e
208	LOW	direct	429	6	https://medium.com/pentesternepal/hacking-dutch-government-for-a-lousy-t-shirt-8e1fd1b56deb
206	LOW	direct	429	6	https://aidilarf.medium.com/idor-vulnerability-in-graphql-api-on-website-bc45e050d1d3
211	FAIL	direct	-1	0	https://web.archive.org/web/20210920030213/https://pmoc.netsoc.cloud/oauth-idor-pii/
212	FAIL	direct	-1	0	https://web.archive.org/web/20210826141443/https://medium.com/@navnz/retrieve-archived-stories-of-any-public-instagram-account-b3f5a26851f5
213	FAIL	direct	-1	0	https://web.archive.org/web/20210825045217/https://medium.com/@imunissar786/how-i-was-able-to-steal-private-files-of-any-user-on-larksuite-c0e2757429e2
210	LOW	direct	429	6	https://infosecwriteups.com/how-i-scored-2k-bounty-via-an-idor-32eb2fa8aa1e
228	OK	direct	200	964	https://feed.bugs.xdavidhu.me/bugs/0009
227	LOW	direct	429	6	https://medium.com/@muhammadsholikhin/facebook-vulnerability-1500-for-removing-document-cover-9ffd0173877b
229	LOW	direct	429	6	https://gevakun.medium.com/view-other-user-private-livestream-data-e30a0acb5972
231	LOW	direct	429	6	https://16521092.medium.com/some-ways-to-find-more-idor-da16c93954e5
233	OK	direct	200	826	https://blog.evanricafort.com/2021/06/2usd-idor-bug-in-redacted.html
230	LOW	direct	429	6	https://sankalpa02.medium.com/testing-cookies-worth-500-8fc2310e6d7e
232	LOW	direct	429	6	https://fartademayur.medium.com/this-is-how-i-was-able-to-see-private-archived-posts-stories-of-users-on-instagram-without-de70ca39165c
209	OK	direct	200	2384	https://blog.usamav.dev/two-account-takeover-bugs-worth-4300-dollar-bounty
234	LOW	direct	429	6	https://amineaboud.medium.com/disclose-leads-form-details-of-any-facebook-business-account-or-facebook-page-bug-bounty-7ecae6cff312
235	LOW	direct	429	6	https://bendtheory.medium.com/finding-and-exploiting-unintended-functionality-in-main-web-app-apis-6eca3ef000af
236	LOW	direct	429	6	https://mvinni.medium.com/workplace-by-facebook-unauthorized-access-to-companies-environment-27-5k-a593a57092f1
226	OK	direct	200	1110	https://www.r29k.com/articles/bb/self-xss-to-stored-xss
240	LOW	direct	429	6	https://edmundaa222.medium.com/poc-update-business-fyi-message-as-facebook-page-analyst-d36170fdede2
242	LOW	direct	429	6	https://thexssrat.medium.com/i-felt-like-there-were-no-more-bugs-left-after-winning-2000-but-an-email-worth-750-changed-my-c7a507649060
239	LOW	direct	429	6	https://0x2m.medium.com/misconfiguration-in-change-password-functionality-leads-to-account-takeover-1314b5507abf
241	LOW	direct	429	6	https://infosecwriteups.com/bragging-rights-lets-head-back-to-bug-bucket-88c94730b6fa
248	FAIL	direct	-1	0	https://web.archive.org/web/20210226210519/https://savirsuda.github.io/IDOR-to-view-personal-email-addresses-of-more-than-50k-users/
245	LOW	direct	429	6	https://sudhanshur705.medium.com/how-i-made-it-to-google-hof-f1cec85fdb1b
246	LOW	direct	429	6	https://mayank-01.medium.com/an-interesting-account-takeover-3a33f42d609d
247	LOW	direct	429	6	https://rahulvarale.medium.com/idor-vulenebility-with-empty-response-still-exposing-sensitive-details-of-customers-bdce0a6a1b07
249	LOW	direct	429	6	https://vedanttekale20.medium.com/idor-that-allowed-me-to-takeover-any-users-account-129e55871d8
250	LOW	direct	429	6	https://mokhansec.medium.com/full-account-takeover-worth-1000-think-out-of-the-box-808f0bdd8ac7
238	LOW	direct	404	13	https://bloggerrando.blogspot.com/2021/04/idor-leads-to-how-many-likes-that-was.html
251	LOW	direct	429	6	https://mokhansec.medium.com/idor-via-websockets-allow-me-to-takeover-any-users-account-23460dacdeab
244	LOW	direct	404	13	https://bloggerrando.blogspot.com/2021/03/bug-bounty-idor-in-youtube-bounty.html
237	OK	direct	200	531	https://0xprial.com/idor-leads-to-leak-any-uber-eats-restaurant-analytics/
252	LOW	direct	429	6	https://vbharad.medium.com/how-i-hacked-everyones-resume-cv-s-and-got-851aaa4d75d9
257	FAIL	direct	-1	0	https://web.archive.org/web/20210201180254/https://www.cysek.org/post/bac-sxss
243	LOW	direct	404	13	https://bloggerrando.blogspot.com/2021/03/bug-bounty-like-and-dislike-count.html
253	OK	direct	200	867	https://blog.evanricafort.com/2021/02/idor-in-redacted.html
258	LOW	direct	429	6	https://medium.com/bugbountywriteup/bragging-rights-part-1-short-story-of-a-bug-wave-dbb88f48b604
255	LOW	direct	429	6	https://amineaboud.medium.com/access-developer-tasks-list-of-any-of-facebook-application-graphql-idor-62307c5e5b34
259	LOW	direct	429	6	https://susanwagle123.medium.com/idor-revealing-images-cdn-links-6589e19bdbaf
256	LOW	direct	429	6	https://avanishpathak46.medium.com/an-interesting-account-takeover-vulnerability-a1fbec0e01a
263	OK	direct	200	1199	https://bugs.xdavidhu.me/google/2021/01/11/stealing-your-private-videos-one-frame-at-a-time/
261	LOW	direct	429	6	https://takester.medium.com/my-first-and-last-crit-of-2020-on-hackerone-702a694781b0
264	OK	direct	200	415	https://www.darabi.me/2020/12/create-invisible-post-on-any-facebook.html
262	LOW	direct	429	6	https://shahjerry33.medium.com/csrf-with-idor-a-deadly-combo-203e93967702
260	LOW	direct	429	6	https://medium.com/bugbountywriteup/bug-bounty-600-info-disclosure-a-token-is-not-the-same-on-all-endpoints-febf5b7ea745
265	OK	direct	200	999	https://ysamm.com/?p=588
268	FAIL	direct	-1	0	https://web.archive.org/web/20210123173946/https://protector47.medium.com/worth-1-500-idor-access-unauthorize-data-52604aec99
266	LOW	direct	429	6	https://rafi-ahamed.medium.com/api-based-idor-to-leaking-private-ip-address-of-6000-businesses-6bc085ac6a6f
273	FAIL	direct	-1	0	https://web.archive.org/web/20221110072323/https://galnagli.com/DoD_IDOR/
267	LOW	direct	429	6	https://ronak-9889.medium.com/sensitive-data-leak-using-idor-in-integration-service-d9301be9c91e
254	LOW	direct	404	39	https://servicenger.com/blog/mobile/sending-ephemeral-message-to-any-facebook-user/
271	LOW	direct	429	6	https://medium.com/@vasuyadav0786/weak-cryptography-to-account-takeovers-87782224ed0d
272	LOW	direct	429	6	https://ironfisto.medium.com/theoretically-possible-to-practical-account-takeover-c9383ab03f76
274	LOW	direct	429	6	https://medium.com/bugbountywriteup/the-youtube-bug-that-allowed-uploads-to-any-channel-3b41c7b7902a
275	LOW	direct	429	6	https://medium.com/bugbountywriteup/my-first-bug-on-google-observation-wins-1a13d0ea54b0
276	LOW	direct	429	6	https://medium.com/bugbountywriteup/accidental-observation-to-critical-idor-d4d910a855bf
269	LOW	direct	200	212	https://kailashbohara.com.np/blog/2020/11/18/GraphQL-IDOR-in-Facebook-streamer-dashboard/
279	LOW	direct	429	6	https://medium.com/@pratyush1337/the-art-of-idor-7-idors-in-edm0d0-b86d683c8de9
282	LOW	direct	429	6	https://medium.com/@haxor8595/bugbounty-how-i-was-able-to-see-other-users-payments-in-a-travel-application-idor-800-2060db62cbbe
281	LOW	direct	429	6	https://medium.com/bugbountywriteup/pii-leakage-via-idor-weak-passwordreset-full-account-takeover-58d159f88d73
280	LOW	direct	429	6	https://medium.com/@vasuyadav0786/5-ways-to-do-ato-in-a-single-website-cfe7e5da987e
278	OK	direct	200	604	http://www.kamilonurozkaleli.com/posts/starbucks-singapore-account-takeover/
283	LOW	direct	429	6	https://medium.com/bugbountywriteup/privilege-escalation-via-account-takeover-on-nodebb-forum-software-512-a593a7b1b4a4
286	FAIL	direct	-1	0	https://techkranti.com/delete-idor-on-a-fashion-ecommerce-website/
288	LOW	direct	429	6	https://medium.com/@vneelam609/a-simple-idor-which-should-not-be-missed-on-dating-site-c500cba8e6c3
287	LOW	direct	429	6	https://medium.com/bugbountywriteup/upload-to-the-future-1fd38fd502bd
289	LOW	direct	429	6	https://medium.com/@totmukesh/hack-till-your-last-breath-3e58f4fb1738
291	LOW	direct	429	6	https://medium.com/@dheerajkmadhukar/journey-from-low-to-critical-bug-2ab98db2eec1
290	LOW	direct	429	6	https://medium.com/@balook/idor-in-google-datastudio-google-com-f2fa51b763de
292	LOW	direct	429	6	https://medium.com/@yaala/make-featured-product-in-any-video-ec2bd4816ae4
294	OK	direct	200	1114	https://fadhilthomas.github.io/post/bug-bounty-tokopedia-03/
277	OK	direct	200	8977	https://samcurry.net/hacking-apple/
293	LOW	direct	429	6	https://medium.com/@alyanwar/taking-over-files-in-a-chat-idor-in-microsoft-teams-e5289c2efd0
296	LOW	direct	429	6	https://medium.com/bugbountywriteup/business-logic-flaw-in-invitation-system-allows-to-takeover-any-account-at-private-company-daaf898966b0
284	OK	direct	200	928	https://blog.deteact.com/account-takeover-via-idor/
295	LOW	direct	429	6	https://medium.com/bugbountywriteup/all-about-getting-first-bounty-with-idor-849db2828c8
270	OK	direct	200	5891	http://www.firstsight.me/2020/11/optimizing-hunting-results-in-vdp-for-use-in-bug-bounty-programs-from-sensitive-information-disclosure-to-accessing-hidden-apis-which-can-be-used-to-retrieve-customer-data/
302	FAIL	direct	-1	0	http://hack4bounty.com/how-source-code-reading-helped-me-find-an-idor/
297	LOW	direct	429	6	https://medium.com/@rohitcoder/idor-delete-saved-credit-cards-from-any-business-manager-account-f28c773982eb
300	LOW	direct	429	6	https://zonduu.medium.com/idor-in-session-cookie-leading-to-mass-account-takeover-d815ff3732d5
285	OK	direct	200	12866	https://www.pentestpartners.com/security-blog/cloud-firewall-management-api-snafu-put-500k-sonicwall-customers-at-risk/
306	OK	direct	200	1154	https://blog.sambal0x.com/2020/04/30/Hacking-razer-pay-ewallet-app.html
301	OK	direct	200	1605	https://jub0bs.com/posts/2020-05-26-idor/
303	LOW	direct	429	6	https://medium.com/@0xh7ml.py/my-first-10k-bdt-bounty-from-an-e-commerce-site-cec9d58e1f55
304	LOW	direct	429	6	https://medium.com/@bilalmerokhel/one-param-10k-9d80a33f5eb5
305	LOW	direct	429	6	https://medium.com/@bilalmerokhel/chained-bugs-account-takeover-ceff67d1d55a
307	LOW	direct	429	6	https://medium.com/@np20121996/how-was-i-able-to-find-privilege-escalation-b13366b97706
308	LOW	direct	429	6	https://medium.com/bugbountywriteup/how-i-unlocked-the-blocked-accounts-545e9b7d7be1
299	OK	direct	200	577	https://elmahdi.tistory.com/3
310	OK	direct	200	290	https://www.inputzero.io/2020/03/idor-in-vlc-ios.html
314	FAIL	direct	-1	0	https://web.archive.org/web/20200223073527/https://victoni.github.io/changing-userID-leads-to-data-leak/
312	LOW	direct	429	6	https://medium.com/@swapmaurya20/a-simple-idor-to-account-takeover-88b8a1d2ec24
315	LOW	direct	429	6	https://medium.com/@zseano/easily-leaking-passenger-information-on-an-airline-18f99b22cf95
317	FAIL	direct	-1	0	https://publish.whoisbinit.me/adding-anyone-including-non-friend-and-blocked-people-as-co-host-in-personal-event
298	LOW	direct	200	129	https://blog.darabi.me/2020/06/image-removal-vulnerability-on-facebook.html
318	LOW	direct	429	6	https://medium.com/bugbountywriteup/accidental-idor-that-deleted-admin-account-d51264292b66
320	OK	direct	200	334	https://footstep.ninja/posts/idor-via-http/
321	OK	direct	200	295	https://footstep.ninja/posts/exploiting-self-xss/
322	FAIL	direct	-1	0	https://www.indoappsec.in/2019/12/airbnb-steal-earning-of-airbnb-hosts-by.html
319	LOW	direct	429	6	https://medium.com/@ozguralp/a-less-known-attack-vector-second-order-idor-attacks-14468009781a
326	OK	direct	200	364	https://footstep.ninja/posts/idor-via-websockets/
323	LOW	direct	429	6	https://medium.com/bugbountywriteup/graphql-idor-leads-to-information-disclosure-175eb560170d
324	LOW	direct	429	6	https://medium.com/@pratyush1337/inf0rm-tion-disclosure-via-idor-cff5541a9232
327	LOW	direct	429	6	https://medium.com/bugbountywriteup/stories-of-idor-part-2-29d313a39e55
325	OK	direct	200	698	https://hipotermia.pw/bb/http-desync-idor
328	LOW	direct	429	6	https://medium.com/@rajasudhakar/how-i-could-delete-facebook-ask-for-recommendations-posts-place-objects-in-comments-b7c9bcdf1c92
311	LOW	direct	521	48	https://hailstorm1422.com/linkedin-blind-idor/
332	FAIL	direct	-1	0	https://web.archive.org/web/20200807155301/https://gh0st.cn/archives/2019-10-01/1
329	OK	direct	200	265	https://fadhilthomas.github.io/post/bug-bounty-tokopedia-01-en/
330	LOW	direct	429	6	https://medium.com/@masonhck357/chains-on-chains-chaining-several-idors-into-account-takeover-part-one-373627f2910f
334	FAIL	direct	-1	0	https://web.archive.org/web/20191214144210/https://medium.com/bugbountywriteup/a-simple-bypass-of-registration-activation-that-lead-to-many-bug-a-story-about-how-my-friend-5df0889f1062
331	OK	direct	200	675	https://rahulr.in/idor-to-rce/
333	LOW	direct	429	6	https://medium.com/@hackrider/stories-of-idor-4966369e6d82
338	OK	direct	200	999	https://ysamm.com/?p=291
335	FAIL	direct	-1	0	https://web.archive.org/web/20191109194557/https://daleys.space/writeup/0day/2019/09/09/verizon-leak.html
340	FAIL	direct	-1	0	https://web.archive.org/web/20210124152317/https://whitehathaji.blogspot.com/2019/07/paypal-bug-10k-all-secondary-users.html
339	OK	direct	200	999	https://ysamm.com/?p=314
342	OK	direct	200	430	https://footstep.ninja/posts/idor-via-email/
309	OK	direct	200	621	https://websecblog.com/vulns/listing-email-addresses-on-google-crisis-map/
343	FAIL	direct	-1	0	https://web.archive.org/web/20201008153910/https://medium.com/@adeshkolte/full-account-takeover-changing-email-and-password-of-any-user-through-api-parameters-3d527ab27240
341	LOW	direct	429	6	https://medium.com/@mdhridoy_4607/1st-bounty-story-rewarded-300-idor-bc4e1708e8e0
344	LOW	direct	429	6	https://medium.com/a-bugz-life/the-bugs-are-out-there-hiding-in-plain-sight-12d056613ea3
345	LOW	direct	429	6	https://medium.com/@princechaddha/account-takeover-on-airbnb-acquisition-an-unusual-bug-part-2-45fab11dc407
346	LOW	direct	429	6	https://medium.com/@sakyb7/tale-of-account-takeover-sensitive-info-disclosure-broken-access-control-cea0a5e3a1fd
349	FAIL	direct	-1	0	https://web.archive.org/web/20201001064738/https://medium.com/@protector47/password-reset-vulnerability-full-account-takeover-insecure-direct-object-reference-c4a9a3ea8268
337	LOW	direct	200	249	https://blog.evanricafort.com/2019/08/read-other-user-support-tickets-in.html
347	LOW	direct	429	6	https://medium.com/@saadahmedx/accidental-idor-8987a2728d4
352	FAIL	direct	-1	0	https://web.archive.org/web/20201028215444/http://incidentsecurity.com/how-spending-our-saturday-hacking-earned-us-20k/
350	LOW	direct	429	6	https://medium.com/@Vibhurushi_Chotaliya/idor-payment-fraud-99d330879c0d
351	LOW	direct	429	6	https://medium.com/@saadahmedx/idor-account-takeover-1ff5a2d03b8b
356	FAIL	direct	-1	0	https://blog.usejournal.com/how-i-gained-access-to-revenue-and-traffic-data-of-thousands-of-shopify-stores-b6fe360cc369
354	LOW	direct	429	6	https://medium.com/@hariharan21/idor-leads-to-project-takeover-548a1bfd4d66
353	LOW	direct	429	6	https://medium.com/bugbountywriteup/account-takeover-using-idor-and-the-misleading-case-of-error-403-cb42c96ea310
355	LOW	direct	429	6	https://medium.com/@mr_hacker/a-5000-idor-f4268fffcd2e
357	LOW	direct	429	6	https://medium.com/@rohan_x3/edmodo-idor-to-view-private-files-of-any-class-2280676c84b8
358	LOW	direct	429	6	https://medium.com/@pratyush1337/edm0d0-idor-vulnerabilities-95ca8600ee1c
361	LOW	direct	429	6	https://medium.com/@vis_hacker/how-i-was-able-to-pwned-30000-users-webhook-d26dc3420703
363	OK	direct	200	1076	http://www.tomanthony.co.uk/blog/facebook-bug-confirm-user-identities/
360	LOW	direct	429	6	https://medium.com/@avinash_/disclosure-of-pending-roles-for-any-facebook-page-ab6e4e219f8e
365	OK	direct	200	999	https://ysamm.com/?p=240
359	LOW	direct	429	6	https://medium.com/h4x00r/my-very-first-bug-a-dreaded-dupe-and-then-an-idor-jackpot-d01b69f6fbae
336	LOW	direct	200	189	https://philippeharewood.com/removing-profile-pictures-for-any-facebook-user/
368	OK	direct	200	999	https://ysamm.com/?p=171
366	LOW	direct	429	6	https://medium.com/bugbountywriteup/disclose-private-attachments-in-facebook-messenger-infrastructure-15-000-ae13602aa486
364	OK	direct	200	675	https://georgeosterweil.com/2019-02-20-fbctf-idor/
369	LOW	direct	429	6	https://medium.com/@rupika.luhach/how-i-was-able-to-extract-information-of-other-users-exploiting-idor-9f03aa72dd06
348	LOW	direct	200	228	https://philippeharewood.com/download-arexport-files-for-any-public-ar-studio-effect/
373	OK	direct	200	999	https://ysamm.com/?p=60
374	OK	direct	200	999	https://ysamm.com/?p=64
367	OK	direct	200	972	https://www.linkedin.com/pulse/hacking-youtube-fun-profit-alexandru-coltuneac/
376	OK	direct	200	999	https://ysamm.com/?p=45
370	LOW	direct	429	6	https://medium.com/@kedrisec/publish-tweets-by-any-other-user-6c9d892708e3
375	OK	direct	200	999	https://ysamm.com/?p=56
377	OK	direct	200	999	https://ysamm.com/?p=42
371	LOW	direct	429	6	https://medium.com/@sahruldotid/antihack-idor-on-create-submission-ddb3cf40c26b
380	FAIL	direct	-1	0	https://web.archive.org/web/20191217045127/https://medium.com/vulnerables/yes-i-can-see-your-otp-9334cd27f021
362	OK	direct	200	1210	https://websecblog.com/vulns/google-earth-studio-vulnerability/
378	OK	direct	200	999	https://ysamm.com/?p=35
379	LOW	direct	429	6	https://medium.com/@evilboyajay/workplace-logo-id-to-workplace-owner-name-disclosurefacebook-bug-bounty-e745db59d0bd
382	LOW	direct	429	6	https://medium.com/@yogeshtantak7788/how-i-was-able-to-delete-google-gallery-data-idor-53d2f303efff
387	FAIL	direct	-1	0	https://blog.hackenproof.com/customer-stories/hackenproof-customer-story-uklon/
383	OK	direct	200	275	https://addictivehackers.blogspot.com/2018/12/how-i-was-able-to-takeover-all-user.html
386	LOW	direct	429	6	https://medium.com/@rupika.luhach/change-anyones-profile-picture-exploiting-idor-41369f5acf75
385	LOW	direct	429	6	https://medium.com/bugbountywriteup/how-i-was-able-to-generate-access-tokens-for-any-facebook-user-6b84392d0342
381	OK	direct	200	309	https://bugbountypoc.com/how-i-was-able-to-harvest-other-vine-users-ip-address
372	OK	direct	200	1031	https://gauravnarwani.com/priv-esc-highest-admin/
388	LOW	direct	429	6	https://medium.com/@prial261/vine-users-private-information-disclosure-f1c55a3abbb6
389	LOW	direct	429	6	https://medium.com/bugbountywriteup/duplicate-but-still-cool-236835685075
390	LOW	direct	429	6	https://medium.com/@plenumlab/idor-in-jwt-and-the-shortest-token-you-will-ever-see-uid-1234567890-4e02377ea03a
392	LOW	direct	429	6	https://medium.com/@Skylinearafat/how-misconfigured-api-leaked-user-private-information-e3e8c13e52e4
394	LOW	direct	429	6	https://medium.com/bugbountywriteup/add-description-to-instagram-posts-on-behalf-of-other-users-6500-7d55b4a24c5a
395	OK	direct	200	808	https://jonbottarini.com/2018/10/09/get-as-image-function-pulls-any-insights-nrql-data-from-any-new-relic-account-idor/
393	LOW	direct	429	6	https://medium.com/bugbountywriteup/add-comment-on-a-private-oculus-developer-bug-report-93f35bc80b2c
396	LOW	direct	429	6	https://medium.com/bugbountywriteup/make-any-unit-in-facebook-groups-undeletable-efb68e26adb9
397	LOW	direct	429	6	https://medium.com/@justmorpheus/idor-content-spoofing-and-url-redirection-via-unsubscribe-email-in-confluent-1fa7398cfe7a
398	LOW	direct	429	6	https://medium.com/@sivakrishnasamireddi/just-another-tale-of-severe-bugs-on-a-private-program-405870b03532
401	LOW	direct	429	6	https://medium.com/@ciph3r7r0ll/simple-login-brute-force-current-password-requirement-bypass-e8f58931e257
402	LOW	direct	429	6	https://medium.com/@logicbomb_1/bugbounty-how-naaptol-indias-popular-home-shopping-company-kept-their-millions-of-user-data-e414cd4151c
403	LOW	direct	429	6	https://medium.com/@UpdateLap/idor-facebook-malicious-person-add-people-to-the-top-fans-4f1887aad85a
404	LOW	direct	429	6	https://medium.com/@UpdateLap/privileged-escalation-in-facebook-messenger-rooms-e71cb7275101
405	LOW	direct	429	6	https://medium.com/@black_b/yahoo-idor-elimination-of-any-comment-e898f4f955f1
399	OK	direct	200	364	https://websecblog.com/vulns/bypassing-firebase-authorization-to-create-custom-goo-gl-subdomains/
406	FAIL	direct	-1	0	https://web.archive.org/web/20220309092244/https://s0cket7.com/idor-account-takeover/
408	OK	direct	200	631	https://steemit.com/cryptocurrency/@mabdullah22/how-i-hacked-a-crypto-exchange-bug-bounty-writeup
407	LOW	direct	429	6	https://medium.com/bugbountywriteup/idor-leads-to-getting-access-tokens-of-users-linked-to-google-drive-on-edmodo-3978017134bd
410	OK	direct	200	916	https://www.updatelap.com/2018/07/the-malicious-person-add-people-to-top.html
384	LOW	direct	404	40	https://avatao.com/blog-how-i-could-have-stolen-your-photos-from-google-my-first-3-bug-bounty-writeups/
412	OK	direct	200	943	https://secreltyhiddenwriteups.blogspot.com/2018/07/gsuite-hangouts-chat-5k-idor.html
411	OK	direct	200	682	https://haiderm.com/how-i-was-able-to-delete-13k-microsoft-translator-projects/
409	LOW	direct	429	6	https://medium.com/@logicbomb_1/bugbounty-paytm-customer-information-is-at-risk-indias-largest-digital-wallet-company-6f7116d4b2d5
415	LOW	direct	429	6	https://medium.com/@khaled.hassan/full-account-takeover-via-reset-password-function-8b6ef15f346f
413	OK	direct	200	1579	https://www.nahamsec.com/posts/chaining-multiple-vulnerabilities-to-gain-admin-access
414	LOW	direct	429	6	https://medium.com/@cachemoney/using-a-github-app-to-escalate-to-an-organization-owner-for-a-10-000-bounty-4ec307168631
417	LOW	direct	429	6	https://medium.com/@r99tiq/idor-how-i-was-able-to-see-any-private-album-passwrod-in-picturepush-264913f45e10
418	LOW	direct	429	6	https://medium.com/@BgxDoc/bugbounty-how-i-was-able-to-hack-any-user-account-via-password-reset-9009d84d94ff
419	LOW	direct	429	6	https://medium.com/@aayushpokhrel/how-i-hacked-admin-account-via-password-reset-idor-of-one-private-currency-exchanger-site-51723c7c8704
400	OK	direct	500	451	https://blog.securitybreached.org/2018/09/16/idor-account-takeover-using-facebook/
420	LOW	direct	429	6	https://medium.com/bugbountywriteup/disclose-private-video-thumbnail-from-facebook-workplace-52b6ec4d73b7
421	LOW	direct	429	6	https://medium.com/@mdisrail2468/bypassing-the-confirmation-email-for-newsletter-bof-nl-682c05cb927f
422	LOW	direct	429	6	https://medium.com/@YoKoKho/ribose-idor-with-simple-csrf-bypass-unrestricted-changes-and-deletion-to-other-photo-profile-e4393305274e
423	LOW	direct	429	6	https://medium.com/@YoKoKho/idor-at-private-bug-bounty-program-that-could-leads-to-personal-data-leaks-d2536d026bf5
391	OK	direct	500	618	https://blog.securitybreached.org/2018/10/27/privilege-escalation-like-a-boss/
425	LOW	direct	429	6	https://medium.com/@saamux/spoof-a-user-to-create-a-description-of-a-group-in-flickr-72b6b8432404
426	LOW	direct	429	6	https://medium.com/@iSecMax/how-i-hacked-companies-related-to-the-crypto-currency-and-earned-60-000-93e9b3299f4e
429	OK	direct	200	567	https://www.josipfranjkovic.com/blog/facebook-friendlist-paymentcard-leak
427	LOW	direct	429	6	https://medium.com/@logicbomb_1/bugbounty-your-details-are-saved-into-my-account-user-info-disclosure-vulnerability-in-practo-fe36930a1246
424	OK	direct	200	1188	http://firstsight.me/2018/04/idor-at-private-bug-bounty-program-that-could-leads-to-personal-data-leaks/
428	LOW	direct	429	6	https://medium.com/@logicbomb_1/bugbounty-rewarded-by-securing-vulnerabilities-in-bookmyshow-indias-largest-online-movie-bb81dba9b82
432	OK	direct	200	469	https://www.josipfranjkovic.com/blog/facebook-partners-portal-account-takeover
416	FAIL	direct	-1	0	https://blog.witcoat.com/2018/05/30/account-takeover-and-blind-xss-go-pro-get-bugs/
430	LOW	direct	429	6	https://medium.com/@JubaBaghdad/how-i-was-able-to-delete-any-image-in-facebook-community-question-forum-a03ea516e327
431	LOW	direct	429	6	https://medium.com/@joshuaregio/modifying-any-ad-space-and-placement-e22c7cec050f
434	LOW	direct	429	6	https://codeburst.io/hunting-insecure-direct-object-reference-vulnerabilities-for-fun-and-profit-part-1-f338c6a52782
439	OK	direct	200	625	https://www.jonbottarini.com/2018/01/02/abusing-internal-api-to-achieve-idor-in-new-relic/
437	LOW	direct	429	6	https://medium.com/bugbountywriteup/bugbounty-how-i-was-able-to-read-chat-of-users-in-an-online-travel-portal-c55a1787f999
436	LOW	direct	200	167	https://philippeharewood.com/view-the-bug-subscriptions-for-any-oculus-user/
442	LOW	direct	429	6	https://medium.com/bugbountywriteup/abusing-new-claps-feature-in-medium-6bd8757a64a4
444	LOW	direct	429	6	https://medium.com/secjuice/how-i-was-able-to-view-private-tweets-of-any-private-twitter-account-86a9d2640ded
441	OK	direct	200	953	https://www.ansariosama.com/2017/11/how-i-pwned-company-using-idor-blind-xss.html
443	LOW	direct	404	21	https://kciredor.com/taking-over-every-ad-on-olx-automated-an-idor-story.html
440	LOW	direct	200	184	https://blog.darabi.me/2017/11/image-removal-vulnerability-in-facebook.html
447	LOW	direct	429	6	https://medium.com/japzdivino/idor-on-hackerone-hacker-review-what-program-say-885ce3989a6f
313	OK	direct	200	566	https://www.amolbaikar.com/determine-users-with-detailed-role-model-on-behalf-of-any-facebook-application/
445	LOW	direct	404	46	https://guptashubham.com/idor-execute-javascript-into-anyone-account/
446	LOW	direct	404	46	https://guptashubham.com/all-about-hackerone-private-program-terapeak/
448	LOW	direct	429	6	https://medium.com/@rojanrijal/developer-luminate-idor-42bd0d98e0c
449	LOW	direct	429	6	https://medium.com/@arbazhussain/improper-storage-of-protected-projects-files-9ece8e9a4743
316	OK	direct	200	566	https://www.amolbaikar.com/disclose-full-admin-list-of-any-facebook-applications/
450	LOW	direct	429	6	https://medium.com/@armaanpathan/idor-was-leading-to-privilege-escalation-and-violating-the-facebook-policy-355c67c654e6
451	LOW	direct	429	6	https://medium.com/@arbazhussain/idor-while-connecting-social-account-in-hackster-io-2296b316b7a7
455	OK	direct	200	962	https://buer.haus/2017/03/31/airbnb-web-to-app-phone-notification-idor-to-view-everyones-airbnb-messages/
452	LOW	direct	429	6	https://zseano.medium.com/fun-with-mobile-apps-broken-api-leads-to-leak-of-millions-of-personal-information-e7eb0b9dcce7
454	FAIL	direct	-1	0	https://web.archive.org/web/20170620023433/https://medium.com/@know.0nix/how-i-hack-23-900-000-tumblr-domains-at-once-341edad6e7cc
456	LOW	direct	429	6	https://medium.com/@sean.roesner/one-company-262-bugs-100-acceptance-2-57-priority-300million-user-details-saved-dd88ecb10f6f
457	LOW	direct	429	6	https://medium.com/@prateek_0490/how-i-could-have-compromised-any-account-on-one-of-the-biggest-startup-based-in-california-3ebc8c6844b5
462	OK	direct	200	323	https://josipfranjkovic.blogspot.com/2015/07/the-easiest-bug-bounties-i-have-ever-won.html
459	LOW	direct	429	6	https://medium.com/@r0t1v/uber-hacking-how-we-found-out-who-you-are-where-you-are-and-where-you-went-1e0769674535
461	LOW	direct	429	6	https://medium.com/bugbountywriteup/how-i-got-listed-in-microsoft-hall-of-fame-8f96ca4535c2
463	FAIL	direct	-1	0	https://web.archive.org/web/20200313201545/http://www.anandpraka.sh/2015/06/how-i-hacked-zomatocom-to-see-data-of.html
460	OK	direct	200	705	https://www.arneswinnen.net/2016/03/how-i-could-compromise-4-locked-instagram-accounts
466	LOW	direct	404	38	https://arulkumar.in/delete-any-photo-from-facebook-by-exploiting-support-dashboard
467	OK	direct	200	733	https://josipfranjkovic.blogspot.com/2013/07/how-i-found-my-way-into-instagrams.html
464	FAIL	direct	200	0	http://nbsriharsha.blogspot.com/2015/01/vimeo-buying-pro-membership-ondemand.html
433	OK	direct	500	362	https://blog.securitybreached.org/2018/02/05/how-i-found-idor-on-twitters-acquisition-mopub-com/
458	LOW	direct	520	99	http://www.pranav-venkat.com/2016/12/idor-in-facebooks-acquisition-parse.html
435	OK	direct	500	496	https://blog.securitybreached.org/2018/01/27/how-i-was-able-to-download-any-file-from-web-server/
438	OK	direct	500	685	https://blog.securitybreached.org/2018/02/04/hunting-insecure-direct-object-reference-vulnerabilities-for-fun-and-profit-part-1/
465	LOW	direct	200	8	https://bitquark.co.uk/blog/2014/08/31/popping_a_shell_on_the_oculus_developer_portal
